id,x,y,resource,size
DSG,-192200,332900.1652,200,4
ISS,3400,5888.972746,4000,4
GeoSSP,-6077.686218,34468.27136,-1,4
LeoDepot,5802.370205,3350,-1,4
